mosaic_number,filename,name,instagram_link,tiktok_link
1,IMG_9255.JPG,Chaotic Boxes,https://www.instagram.com/reel/DZUFcfGufsl/?utm_source=ig_web_button_share_sheet&igsh=MzRlODBiNWFlZA==,
2,IMG_9289.JPG,Trans Flag Wreath,https://www.instagram.com/reel/DZoq2y6A0nW/?utm_source=ig_web_button_share_sheet&igsh=MzRlODBiNWFlZA==,
3,IMG_9338.JPG,Lesbian Flag,https://www.instagram.com/reel/DZ554pAueVU/?utm_source=ig_web_button_share_sheet&igsh=MzRlODBiNWFlZA==,
4,IMG_9372.JPG,Gay Men Flag,https://www.instagram.com/reel/DZ_4lneAw7i/?utm_source=ig_web_copy_link&igsh=MzRlODBiNWFlZA==,
5,IMG_9410.JPG,Bisexual Flag,https://www.instagram.com/reel/DaLGaVnAFwv/?utm_source=ig_web_copy_link&igsh=MzRlODBiNWFlZA==,
6,IMG_9508.JPG,Pansexual Flag,https://www.instagram.com/reel/DaePPOru4mx/?utm_source=ig_web_button_share_sheet&igsh=MzRlODBiNWFlZA==,
7,IMG_9549.JPG,Non-Binary Flag,https://www.instagram.com/reel/DauRxQzOQkh/?utm_source=ig_web_button_share_sheet&igsh=MzRlODBiNWFlZA==,
8,IMG_5556.JPG,Mothers Day,https://www.instagram.com/reel/DYL_-FwOqfJ/?utm_source=ig_web_copy_link&igsh=MzRlODBiNWFlZA==,
9,IMG_5769.JPG,3D Rainbow,https://www.instagram.com/reel/DYeC6XYBnqA/?utm_source=ig_web_copy_link&igsh=MzRlODBiNWFlZA==,
10,IMG_6305.jpeg,Blue Balls,https://www.instagram.com/reel/DYwDNCoAfnB/?utm_source=ig_web_button_share_sheet&igsh=MzRlODBiNWFlZA==,
11,IMG_4972.jpeg,Bottoms,https://www.instagram.com/reel/DXqOZP9DsGv/?utm_source=ig_web_copy_link&igsh=MzRlODBiNWFlZA==,
12,IMG_5196.jpeg,Endor Paradise,https://www.instagram.com/reel/DX8kugAun4j/?utm_source=ig_web_button_share_sheet&igsh=MzRlODBiNWFlZA==,
13,IMG_4453.jpeg,Mini 420,https://www.instagram.com/reel/DXYao86DkT9/?utm_source=ig_web_button_share_sheet&igsh=MzRlODBiNWFlZA==,
14,IMG_4228.JPG,Neon Flow,https://www.instagram.com/reel/DXFxfVxj-8j/?utm_source=ig_web_copy_link&igsh=MzRlODBiNWFlZA==,
15,IMG_8585.JPG,Sunflower Garden,,
16,IMG_8589.JPG,Geometric Petal,,
17,IMG_8592.jpg,Non-Binary Motif,,
18,IMG_8591.jpg,Pale Flowers,,
19,IMG_8590.JPG,Citrus Burst,,
20,IMG_3931.jpeg,Stained Glass,,
