filename,palette
Pic (331).jpg,"#bdb9b4, #af8c47, #1f1b0f, #706046, #495c28, #829168, #4e4a4e"
Pic (182).jpg,"#b7a57a, #141e18, #5f9a59, #326835, #675434, #707b8d, #384551"
Pic (225).jpg,"#ae7d6e, #2b5389, #e9d2bc, #6b9ce9, #674f46, #612b2a, #a95a14"
Pic (112).jpg,"#d2a087, #2d1612, #9a6658, #97a686, #707794, #e62318, #61614c"
Pic (19).jpg,"#ac7b66, #7baaf2, #2a3143, #c5cebf, #694f3e, #d48814, #722417"
Pic (14).jpg,"#3f6039, #c2bcc2, #1a1d13, #5fbeb9, #508ec8, #7d976d, #4d7c81"
Pic (168).jpg,"#636d24, #cac395, #749dc5, #1e1c17, #62ccbe, #8b876c, #203f23"
Pic (176).jpg,"#8c7e71, #233434, #d0b69a, #90c2d6, #4a3931, #5d4930, #b8c4ac"
Pic (223).jpg,"#ccb099, #39282e, #c6d4f0, #973323, #a4793a, #8e7164, #8b91a4"
Pic (285).jpg,"#b1947e, #2b3043, #b0c9f2, #872524, #8e6828, #70625a, #ecd4b0"
Pic (265).jpg,"#2e2b2e, #c4c2c1, #a7a8a7, #afb1b6, #928f91, #706f7c, #696667"
Pic (38).jpg,"#b7bec8, #292f29, #53371a, #737035, #617b88, #7a7570, #88877f"
Pic (263).jpg,"#928372, #d4dce4, #24271a, #83821d, #5b3920, #cdcab7, #bbcaa7"
Pic (47).jpg,"#dca84f, #262316, #e9e0d2, #794921, #dfc394, #816b47, #596c61"
Pic (103).jpg,"#1d3027, #878686, #dae7ed, #827a2a, #4b3d38, #c6dcf0, #a6b9d8"
Pic (236).jpg,"#362d32, #c18793, #86a1c8, #8e7377, #58647e, #716463, #9c9c9c"
Pic (209).jpg,"#494f42, #c4d3ee, #144e9c, #838d9f, #2b7ccf, #81abdc, #a6aaa1"
Pic (106).jpg,"#bdb4b1, #2b5965, #71a4e0, #857567, #6b4332, #7e6837, #987c7c"
Pic (298).jpg,"#bbaaa0, #252021, #1ead80, #cbd9f0, #526438, #7a6b65, #759681"
Pic (304).jpg,"#2d3026, #bab4ad, #94998b, #7c7663, #5d6956, #8c8a8e, #a47440"
Pic (171).jpg,"#1e242a, #bab8ad, #7d9eb6, #6e645a, #627fa0, #466272, #944420"
Pic (258).jpg,"#8d7367, #253d57, #75a3e6, #bdcfe1, #d28e82, #64231f, #765424"
Pic (337).jpg,"#7e4232, #dfcacb, #351210, #b28f8d, #d5b1a4, #d29684, #b57f6c"
Pic (293).jpg,"#ddbb98, #89a8d1, #29282c, #565146, #8f857c, #216886, #60626c"
Pic (296).jpg,"#6a7335, #d0c2bb, #152329, #8796b2, #8f877a, #412c25, #a6c089"
Pic (75).jpg,"#bebcb8, #2b2c2b, #6a6b6a, #5d4433, #735845, #8c7568, #998678"
Pic (333).jpg,"#343b3c, #c7c9d0, #858682, #8395b8, #9fafc7, #677683, #59667a"
Pic (322).jpg,"#252b1e, #9ea6b6, #66705b, #996e57, #919a7f, #684b39, #455165"
Pic (330).jpg,"#3d321c, #caa656, #947133, #a5acb2, #6c724d, #8b929f, #555862"
Pic (66).jpg,"#c6b198, #38302b, #8d7a68, #6daeca, #177cd7, #6b7364, #114381"
Pic (248).jpg,"#382d2a, #c3b18b, #8d8472, #1969d1, #6e735c, #7babaa, #213f7d"
Pic (80).jpg,"#6d6d6d, #cac0b6, #1c7ed5, #22212c, #134681, #554221, #88c0e8"
Pic (251).jpg,"#6f6c69, #c5aea3, #1a2839, #1a78d4, #9bb9d0, #544028, #3a2a29"
Pic (244).jpg,"#46423f, #cbcab0, #9b978e, #c0a391, #8f796d, #61a3df, #5f6e81"
Pic (338).jpg,"#867f78, #ced1b5, #19191d, #c3b0a4, #6b9fd2, #2a3d4e, #5a462b"
Pic (165).jpg,"#a06943, #839fb8, #1e2622, #8d8a88, #c9c2bd, #dc8754, #6e1d0b"
Pic (50).jpg,"#dcdcde, #524b39, #aabab5, #a19384, #8495b7, #224f8e, #6b8d71"
Pic (164).jpg,"#c0b07d, #312e19, #4fc07f, #8c7f4a, #62763b, #929699, #5c5a5b"
Pic (72).jpg,"#d3c6a2, #161212, #74614c, #899278, #4d5349, #4e6491, #ac5a38"
Pic (126).jpg,"#2e2f20, #a2bbd9, #8b7a49, #5b452c, #7f9e83, #e2d5c0, #6b7780"
Pic (68).jpg,"#a9907b, #271f1e, #60391e, #ece7e0, #a56e1a, #6c5849, #e6d0af"
Pic (120).jpg,"#928a85, #589ede, #1f1412, #e5e5df, #8a602b, #5a3314, #bccedc"
Pic (319).jpg,"#8c6e3f, #302922, #adbbd3, #652c14, #f4da62, #e3af54, #a39e94"
Pic (162).jpg,"#c186ba, #222f18, #5f834b, #7fae77, #74515c, #86869b, #4f555c"
Pic (143).jpg,"#262827, #bfb27c, #67b674, #5f7c65, #3f71b4, #6c584f, #183e78"
Pic (58).jpg,"#d48797, #40251d, #965550, #9faba8, #637349, #888ba6, #605362"
Pic (118).jpg,"#d88898, #412419, #9d6454, #a9adaf, #7a6b5e, #988d9a, #6a5457"
Pic (271).jpg,"#635d4f, #d7d3d9, #1e2015, #b0b7b5, #9b9690, #a9aaae, #4b1e28"
Pic (274).jpg,"#ccc5c7, #323123, #8b7f77, #a7aaa6, #6e705f, #9d9a9e, #676265"
Pic (115).jpg,"#4c4b40, #61a6f4, #8cd2e8, #c7b3a0, #8f7661, #7ba076, #64738c"
Pic (90).jpg,"#29271f, #9ea9b5, #a38b7c, #736e74, #1aa671, #705c47, #316946"
Pic (34).jpg,"#644237, #c69d8b, #120e0f, #9e796c, #a5b1c0, #8794a5, #616372"
Pic (48).jpg,"#382824, #ccaea7, #9f7c75, #796b72, #9e96a9, #a9aaba, #46526f"
Pic (222).jpg,"#d6dae4, #222526, #858b95, #c58437, #965226, #64747e, #ac908c"
Pic (228).jpg,"#cacfd6, #1e1f1d, #665854, #767e88, #989292, #5e636d, #4c7c8c"
Pic (313).jpg,"#727044, #8bc8b1, #181a24, #5b9ac5, #bfbc8b, #868687, #3c251c"
Pic (89).jpg,"#747068, #dcd4c4, #171421, #55150e, #8e9cbc, #544524, #acc0a9"
Pic (234).jpg,"#33201d, #cab793, #7ac595, #916a5a, #546b4a, #938997, #c42c91"
Pic (245).jpg,"#372522, #ceb5b3, #84b9ac, #4bb56b, #946f62, #5f714e, #cbaa2d"
Pic (180).jpg,"#727771, #c0bbb7, #141d16, #53d281, #1d4c2b, #a3a8b1, #46551d"
Pic (201).jpg,"#3d5843, #bbb8b6, #45d091, #929190, #111b14, #6d8284, #98a3af"
Pic (312).jpg,"#d8c09a, #2e2e1a, #97b97b, #8d7959, #9695a0, #5f843a, #605b60"
Pic (138).jpg,"#b2d1f9, #312567, #769de3, #b6a434, #3e77d3, #988ba2, #b1a8a6"
Pic (129).jpg,"#3f3b2c, #c3b09d, #8b7662, #9e9da1, #676a6a, #a1ae92, #6f7f5f"
Pic (170).jpg,"#c6af9e, #3f3219, #a4b5b9, #947c58, #7b85ad, #6d7e42, #645c5f"
Pic (5).jpg,"#3c3526, #c4a755, #7d6c5a, #314d6e, #7791a6, #7caba0, #57807b"
Pic (169).jpg,"#978881, #192a43, #86a3d8, #671e31, #aa8819, #e8ea9c, #d6b282"
Pic (306).jpg,"#372f25, #a59dcc, #cec0e1, #917173, #716771, #a5a385, #d58c3e"
Pic (91).jpg,"#887666, #231817, #cda385, #dcd1ac, #bc9fbe, #5b2720, #726a15"
Pic (125).jpg,"#988371, #1c1411, #4e3424, #d8dcde, #e1be60, #765825, #c0c49e"
Pic (195).jpg,"#d3a678, #37351b, #52bf76, #947658, #618942, #926db2, #603f70"
Pic (206).jpg,"#d3a678, #37351b, #52bf76, #947658, #618942, #926db2, #603f70"
Pic (301).jpg,"#847c71, #1f1b11, #dcdfb7, #de8b59, #6b2116, #675b22, #a5a5c6"
Pic (188).jpg,"#ae8980, #232919, #6c2d2d, #f1e3d0, #805433, #6c554f, #e0aecb"
Pic (267).jpg,"#352c29, #ae9690, #7f6960, #8f9595, #7f887d, #636563, #5e5d51"
Pic (220).jpg,"#3d4124, #deb7ac, #a0bcb8, #8194ab, #967248, #71824a, #d14540"
Pic (37).jpg,"#58673b, #e0c847, #999962, #aac1a2, #1f2010, #7b947c, #9fb2a6"
Pic (302).jpg,"#67766e, #6d87d9, #ccaf6f, #262536, #635320, #264267, #a5bf5a"
Pic (46).jpg,"#678a71, #bed5d6, #2d2f33, #bbaf94, #18988b, #3eccbb, #5f512e"
Pic (92).jpg,"#919baa, #3a2d1e, #585b5c, #244667, #60686f, #6c6b71, #484344"
Pic (276).jpg,"#3f3f3e, #cacdcf, #a9c1c3, #99908c, #a7a7b7, #6d7285, #798c87"
Pic (59).jpg,"#383530, #d08f68, #87b1e5, #8a684b, #7c93b5, #586273, #6c7a84"
Pic (208).jpg,"#202417, #bb7840, #785a35, #7da9a4, #74a567, #4b6c3e, #d3c9be"
Pic (294).jpg,"#5c6542, #d5c694, #6d8fc6, #9dbba3, #7c878b, #152320, #3c261d"
Pic (238).jpg,"#d1d0cf, #403a30, #aab8bb, #979089, #889eb9, #7c837f, #5d657c"
Pic (218).jpg,"#3d3738, #c9bdad, #938a84, #7695bf, #a3b0b9, #6a6c7a, #787f87"
Pic (252).jpg,"#c5c0ba, #231d1b, #7c746d, #90a8b4, #5e615a, #7b89a1, #504d59"
Pic (131).jpg,"#474731, #86a9d8, #d2bbc7, #9b8a7c, #a5b191, #7a8960, #737078"
Pic (76).jpg,"#ce9a8f, #2e3215, #8a7058, #92a965, #65824c, #8a649e, #5f4a67"
Pic (122).jpg,"#766d69, #cfbea3, #191611, #aaa2b2, #b1b79d, #41241e, #4c4423"
Pic (191).jpg,"#633824, #cfa993, #97c164, #220a05, #a6866b, #a26b4f, #a68ea9"
Pic (262).jpg,"#4a4029, #c89070, #9f6d51, #88c63c, #61884a, #938ca6, #6c696b"
Pic (282).jpg,"#7e7465, #d0c4bb, #1f211b, #6d9ad0, #3c2e22, #a8bbc7, #463f28"
Pic (261).jpg,"#d1c9cb, #0985dd, #3b2a27, #806f67, #919cac, #2e3754, #a3c8ed"
Pic (297).jpg,"#302819, #d5ca9f, #96ba88, #5a81b5, #8f7b58, #657946, #e1353e"
Pic (121).jpg,"#2c3121, #cec8ab, #96ac76, #84825e, #5f764b, #917a98, #cb3f3c"
Pic (186).jpg,"#31261f, #b87367, #825944, #8b8b7b, #5d6344, #3e4555, #5f7081"
Pic (217).jpg,"#28271a, #bdc7d2, #8a733f, #5e3a2b, #6e859d, #a69379, #92766b"
Pic (241).jpg,"#30321e, #cdb8c3, #7e6a60, #91819f, #c24131, #5b7040, #96a8a2"
Pic (114).jpg,"#14130f, #86adde, #886945, #ab9682, #bcd6ed, #d8af86, #4c5c6c"
Pic (202).jpg,"#78726c, #dfa57b, #68aae4, #181a1f, #542625, #acbfcd, #674c21"
Pic (288).jpg,"#2c4d7f, #c9bcb6, #7387ac, #84251c, #957e74, #785f4a, #a69174"
Pic (10).jpg,"#b4b5c9, #2a2f2b, #6a757d, #b29671, #716c53, #566757, #8c9e91"
Pic (175).jpg,"#3e4437, #c7b9b9, #8d92af, #857d70, #668253, #4a567c, #96af87"
Pic (116).jpg,"#332a27, #bd9da9, #8a7870, #9ca4b0, #979e97, #5a7377, #67675e"
Pic (55).jpg,"#be8893, #25241a, #755f46, #358ea1, #496736, #87966f, #3b4e5d"
Pic (9).jpg,"#cdb8a9, #33291d, #846447, #929f66, #656c49, #898e98, #36585e"
Pic (33).jpg,"#2b2a25, #b54952, #7564a0, #714149, #4c4967, #7c877e, #525d4e"
Pic (123).jpg,"#726d6c, #deacc2, #1d1223, #451f35, #a5bcac, #a27ac1, #6a3823"
Pic (1).jpg,"#49463a, #c9696a, #927265, #9a7cb7, #654986, #a7a690, #777e49"
Pic (257).jpg,"#bf573c, #291b15, #835a46, #615540, #735698, #482968, #97987c"
Pic (141).jpg,"#2d3432, #cddee1, #a5cfec, #7997b4, #8e7765, #5d7c8b, #c46c3c"
Pic (88).jpg,"#cfccc8, #228080, #112520, #304135, #71b2cb, #8ac7d9, #aa5f20"
Pic (17).jpg,"#875c4b, #1b6ac3, #c8a482, #251c1f, #4c1f16, #8e7f82, #b3a47e"
Pic (101).jpg,"#2b2d25, #c0c7d3, #635337, #a28f78, #6f7373, #4d5257, #848b99"
Pic (324).jpg,"#b78d6c, #1a1d12, #6d5e48, #6f7c9e, #7e9465, #4a5d38, #353e58"
Pic (62).jpg,"#37332d, #bfb394, #4d77c8, #8ab88c, #8c7e6f, #2c4480, #687e56"
Pic (78).jpg,"#3d601c, #cfaf84, #8395aa, #83c64a, #12180a, #89885b, #5e6c6f"
Pic (86).jpg,"#21232e, #bbbfc4, #bd9020, #6b361e, #657388, #ba996d, #8d7365"
Pic (156).jpg,"#a99884, #1d281b, #82baf2, #677282, #8ca02a, #543e2f, #d0ec88"
Pic (104).jpg,"#b7a38d, #3b4f4e, #bbcae2, #889427, #76777d, #614836, #d3e68d"
Pic (269).jpg,"#aea5b1, #1d1c2e, #5d454e, #6a647d, #e2d7d7, #8a7473, #74594e"
Pic (196).jpg,"#cecfd1, #7a3a1b, #3d1a0d, #987041, #a28274, #b19b8a, #816f68"
Pic (177).jpg,"#c0b2b8, #312a31, #5d3834, #784f46, #8a6967, #685d64, #9e8077"
Pic (144).jpg,"#cbb69b, #283626, #84ba91, #88654d, #488d68, #7694b0, #416a6e"
Pic (275).jpg,"#2a2019, #b78584, #7d6759, #409eaf, #5d6153, #969684, #454d57"
Pic (181).jpg,"#2d3c48, #cacccc, #5e443d, #577499, #827047, #908582, #aa9c7e"
Pic (95).jpg,"#2a2929, #bdbab4, #76b5a9, #817a75, #858ca2, #526e6d, #a47438"
Pic (260).jpg,"#373534, #c3c4b2, #93887d, #85b6ab, #8f9aac, #677c7c, #5c6474"
Pic (94).jpg,"#cbd0d0, #5b4c3b, #21241f, #806e58, #6d7f7e, #978b7a, #3c5c66"
Pic (42).jpg,"#cbc8cb, #262526, #a5958b, #727779, #6d6257, #89968c, #576059"
Pic (57).jpg,"#b99276, #2a211e, #785d4e, #653f32, #a0c1dd, #e3c7a9, #7b4d33"
Pic (153).jpg,"#d68672, #401a12, #a0503d, #9ca0a1, #735e52, #c8332e, #848290"
Pic (49).jpg,"#b7b9bc, #383332, #c1250c, #707275, #888286, #c67e1c, #ca9579"
Pic (219).jpg,"#b9bbc0, #343540, #ba2a10, #707377, #d2801b, #8f7f82, #ca9a7a"
Pic (98).jpg,"#a17e6a, #261c18, #cec3c4, #5b3422, #daaf95, #7d4725, #c9bdaa"
Pic (77).jpg,"#79675d, #dbcec4, #93bfaa, #232620, #a3a3b2, #422924, #67401f"
Pic (198).jpg,"#e5d9d2, #4b4a3a, #9b8779, #a4a4aa, #88bfa3, #738a78, #75747a"
Pic (13).jpg,"#c0c3c4, #393335, #a2a7b2, #908d90, #aea29d, #816e71, #636a7b"
Pic (30).jpg,"#3e383a, #c7c6c5, #a29899, #abb9c6, #7a838d, #94a5ba, #666d80"
Pic (132).jpg,"#3d3639, #bfc7cb, #a09b9d, #a5aebb, #b5aba8, #8a7a7f, #6c7485"
Pic (174).jpg,"#c2c4c3, #3a3333, #908c8d, #b0a29c, #a1a6b1, #816c6c, #626a79"
Pic (233).jpg,"#3a3232, #c6c9c9, #b9aca4, #989391, #a9afb9, #85726f, #5e6c7b"
Pic (247).jpg,"#3f373a, #c4c8c9, #a09b9c, #a7aebb, #b5a8a6, #8a7a7e, #707685"
Pic (299).jpg,"#817879, #c0ced8, #18161b, #bcadaa, #3e2c2c, #9eaec2, #473d32"
Pic (107).jpg,"#282416, #c8a973, #917a3d, #a5a45f, #69652a, #848b92, #b4541c"
Pic (22).jpg,"#d0d6dc, #2d2c28, #7cbbee, #5fa4de, #867f78, #667079, #606267"
Pic (16).jpg,"#948c6d, #1c221f, #5c3222, #bfcfd2, #dec38e, #bfd19f, #706322"
Pic (109).jpg,"#b8ab9f, #185a98, #af7f31, #713b1a, #786863, #cfd8e4, #7689a7"
Pic (300).jpg,"#a9998d, #0c57b5, #696e75, #583f3c, #9eb5d9, #b7d7c2, #605038"
Pic (161).jpg,"#d1a6b1, #96b7ea, #3b2e1c, #9a6153, #6e6b54, #ab9e86, #5e5960"
Pic (85).jpg,"#212128, #cfd0d1, #7e848d, #934023, #8f7259, #989092, #c1a97d"
Pic (216).jpg,"#928277, #162742, #512e22, #ccd5dc, #f4cea3, #d9b089, #734f2e"
Pic (158).jpg,"#767364, #d3c8c9, #181714, #422723, #99a1bf, #474527, #b0bdcc"
Pic (133).jpg,"#bd957b, #241f18, #6a91bb, #74624b, #3e5566, #56573a, #908e7d"
Pic (84).jpg,"#262f40, #cccfd4, #6e6b69, #504845, #605850, #a09a89, #8a7f79"
Pic (193).jpg,"#aa876b, #261d1d, #e0dbd3, #e7d175, #5a3826, #695143, #9d6e15"
Pic (87).jpg,"#3d2529, #c69a9b, #6286c3, #8b595e, #59556f, #a28c8e, #675c57"
Pic (314).jpg,"#75322c, #cfa1a8, #7c8bba, #270b0a, #96646e, #ac6459, #a28c92"
Pic (197).jpg,"#826529, #221b15, #e9d280, #daab39, #baaca2, #b3a54b, #4d2711"
Pic (190).jpg,"#353439, #bbc8cb, #b68085, #869282, #8f9cc4, #5e6789, #7f6761"
Pic (105).jpg,"#262727, #c7c3c4, #726966, #506c61, #899e9a, #8089a5, #424e69"
Pic (28).jpg,"#6c6a44, #d3ac5c, #1b1811, #471d11, #8185bf, #a7b8a9, #929085"
Pic (309).jpg,"#8c927b, #1a1619, #c0c1cd, #582f27, #dabf5f, #9d8422, #afcda4"
Pic (295).jpg,"#3d3817, #c3af8e, #9c8059, #afa080, #727c27, #765432, #827a6c"
Pic (323).jpg,"#514a1e, #c4af8c, #ab997d, #9b7b4a, #748021, #13170e, #b2ac86"
Pic (160).jpg,"#d2dce7, #353330, #886758, #a69e92, #8c8f8b, #2b7ec4, #906989"
Pic (96).jpg,"#cccfd4, #374c5c, #a4968c, #7a1314, #758d9c, #8e8050, #91807e"
Pic (151).jpg,"#40321d, #c1aa9b, #93745c, #9fa7b3, #6d7543, #9e9e7b, #495163"
Pic (60).jpg,"#372d22, #ab9781, #806c56, #67675a, #8a98a5, #4e5761, #91947c"
Pic (29).jpg,"#854f40, #221516, #bd9fc6, #a77f7c, #c79c87, #4c1910, #d1865c"
Pic (189).jpg,"#613b32, #b99ec3, #181316, #bc8a78, #977676, #9f6f5d, #a8958d"
Pic (23).jpg,"#bba595, #2d5d97, #c1cce0, #69432d, #757683, #987330, #e7d8ba"
Pic (253).jpg,"#3b2a23, #cfcdd0, #94aec3, #8f6850, #4376b1, #62703a, #b76038"
Pic (230).jpg,"#bfa183, #2f2733, #caddf3, #6d3a25, #766d66, #987233, #f2dba9"
Pic (7).jpg,"#d6d5d8, #25211c, #9fa9b2, #866c66, #7688a5, #e92e82, #616767"
Pic (213).jpg,"#393d3f, #d6e0ec, #92393f, #7d8c99, #9d4982, #b1a19c, #4275b2"
Pic (329).jpg,"#48413d, #ccbfc0, #9c8f8a, #979ebf, #abbbd3, #79897d, #717185"
Pic (166).jpg,"#47693a, #cba88e, #231a11, #8bc372, #94beaf, #927b67, #6f9a80"
Pic (51).jpg,"#ad5d1b, #29190d, #c6c1c0, #654421, #b48e72, #8a1a05, #ccad88"
Pic (149).jpg,"#351a19, #bd7b66, #844d44, #5e5b5c, #454353, #7f9380, #797889"
Pic (159).jpg,"#b19241, #2e230f, #a8cde0, #693514, #635d30, #f1dd66, #c8b38b"
Pic (81).jpg,"#2c2926, #e2752a, #7795b0, #6e5e50, #6c89ab, #556b68, #56595f"
Pic (40).jpg,"#b7908b, #2c1718, #602b20, #824c3b, #eadce2, #d9c6d3, #6c5860"
Pic (256).jpg,"#864c3f, #341a19, #e4c9ce, #cdaeb4, #c0958c, #da9d8b, #a97f80"
Pic (155).jpg,"#2d3127, #d7766a, #847768, #9890a4, #5d7951, #8da27e, #60506f"
Pic (39).jpg,"#3d392a, #dc9b9e, #a57959, #959fb6, #acc1ac, #739660, #667079"
Pic (229).jpg,"#c5ac97, #311e17, #782c17, #84695b, #947d32, #7c8da1, #c8c8cf"
Pic (128).jpg,"#c17c53, #362119, #f1f4e8, #6c4f3a, #6d2514, #c3b6b2, #b79d8f"
Pic (74).jpg,"#d0bcaf, #301e16, #7e301b, #afac35, #8e7a66, #899dba, #96827e"
Pic (194).jpg,"#7a6e60, #cbbdab, #6097d8, #1a2324, #91badd, #372920, #473c21"
Pic (214).jpg,"#d2d6dd, #5e5249, #221e17, #90765a, #9e8e89, #787e87, #44545a"
Pic (240).jpg,"#3d3b39, #c5a8b1, #877f7b, #9bb2b8, #8a9ca9, #6d8384, #5f6f79"
Pic (227).jpg,"#93816b, #26190b, #bec1be, #e95520, #cfc385, #76190e, #604b22"
Pic (110).jpg,"#7c6e68, #1b171d, #de7953, #492221, #a7a5ae, #a4a595, #5b3827"
Pic (210).jpg,"#75675b, #191417, #d19583, #a5b4d0, #4d251a, #a99f93, #422833"
Pic (243).jpg,"#b9a29b, #242827, #819c9c, #736b66, #759382, #4f6764, #38634f"
Pic (204).jpg,"#ced5de, #734c37, #1a4324, #de251d, #a9a5b2, #90906b, #807575"
Pic (310).jpg,"#6e482f, #211f1d, #9ab7f4, #9d926d, #644a5f, #dbd19c, #7477ac"
Pic (308).jpg,"#29221c, #be9c81, #94241b, #876430, #d4dcdc, #6e7163, #eed5b2"
Pic (142).jpg,"#90826d, #201911, #652e23, #dbdadf, #d2b997, #565a21, #bac588"
Pic (64).jpg,"#41352d, #dac6b9, #9b7c6f, #7b7a6e, #afb0af, #9c9da8, #5d6072"
Pic (32).jpg,"#261915, #d66c5a, #7e6250, #e4e3e0, #5f5649, #999792, #8d8c94"
Pic (93).jpg,"#bfccd2, #3a3a29, #9cb4c0, #8b8872, #8699ab, #6c7b66, #5b646d"
Pic (45).jpg,"#38322f, #a9b7c5, #868893, #b4a89e, #84756e, #9aab9b, #6a7469"
Pic (150).jpg,"#8f867f, #201d1e, #572d21, #deccc3, #635331, #c6d1ba, #adbacb"
Pic (137).jpg,"#c69864, #332912, #8e6c3c, #626f31, #95a36d, #9d918d, #675a50"
Pic (135).jpg,"#945a3d, #e1e6e9, #192a31, #d5946a, #a38b7b, #599aae, #56210f"
Pic (185).jpg,"#6483cd, #cbc7e2, #3d4835, #87946d, #342f84, #a4c7df, #156db6"
Pic (192).jpg,"#816954, #cca183, #171210, #402417, #a8aa9f, #443c32, #999790"
Pic (154).jpg,"#d7913a, #341907, #935e2e, #969556, #62661e, #a18076, #d9393c"
Pic (291).jpg,"#24261a, #a79888, #afadab, #928476, #686a5b, #505057, #657494"
Pic (277).jpg,"#a99580, #201f12, #6e5d40, #7b8f4c, #495e29, #83797d, #4e4447"
Pic (273).jpg,"#d3a360, #8f673b, #1c120b, #adb0a1, #473622, #441c0f, #8293a5"
Pic (6).jpg,"#363329, #c2c4c7, #7f7a73, #9b98a0, #666666, #6a7569, #a49792"
Pic (24).jpg,"#2c2615, #ca9466, #86663f, #8d9f60, #5d6a37, #d2cac9, #9e9a92"
Pic (70).jpg,"#6a4337, #cea99d, #1e1513, #a28775, #afaaa5, #897076, #989ba7"
Pic (280).jpg,"#7c7976, #e2c9ac, #1b1c1f, #7aa9d4, #46292c, #8ec5b2, #5a4827"
Pic (335).jpg,"#423b38, #bfc3c2, #8c918e, #a7a5b2, #b7968d, #896a65, #6a7178"
Pic (172).jpg,"#c5b4b3, #343028, #94a4a8, #8c776f, #69746e, #949f8f, #5a5f67"
Pic (111).jpg,"#383837, #8e8a84, #b8b2ac, #787772, #a3a49d, #506876, #9c9ca4"
Pic (44).jpg,"#dbdfe5, #3c372d, #6c5b4c, #807462, #878684, #a19487, #5c7474"
Pic (63).jpg,"#b4bfcd, #262429, #615a54, #6a3cb9, #796899, #307c97, #928e83"
Pic (8).jpg,"#8497b2, #cdd7e5, #221d1e, #373a4c, #b2c4dd, #565866, #445c7c"
Pic (43).jpg,"#758193, #d7d5df, #221d19, #a0afc6, #afbed0, #2c2f3a, #42393b"
Pic (254).jpg,"#837b74, #e39352, #469ff0, #321b1b, #625132, #364e67, #94ccbe"
Pic (15).jpg,"#76726f, #50a1e7, #e279a0, #2f1f1a, #25507b, #b0b6b0, #8d1357"
Pic (327).jpg,"#817d79, #65aee9, #473527, #e09ead, #277fbd, #741a52, #babcb4"
Pic (178).jpg,"#786c5e, #cbad9d, #1e2720, #7ea0c9, #9bb9ce, #44231b, #4f421e"
Pic (4).jpg,"#bfc5cc, #392725, #ab713b, #83371f, #738691, #927f7b, #9a8f87"
Pic (102).jpg,"#bfb5a7, #284242, #60778b, #6a3124, #8d7b35, #8b776b, #9d906d"
Pic (239).jpg,"#d3ba99, #2e3b2c, #922714, #b8842e, #a57d5b, #b79465, #8d7b5b"
Pic (130).jpg,"#b7bdc8, #2f3828, #767337, #682f4e, #65716f, #8b937d, #8b728c"
Pic (203).jpg,"#387fc4, #c7c0b6, #b2ada5, #463931, #66746e, #56d0de, #243e5f"
Pic (232).jpg,"#a9b5c5, #2c545c, #6d8fbb, #695f4b, #817972, #5d4032, #918779"
Pic (318).jpg,"#3e73a8, #d2c8ba, #3d3f35, #9f9991, #5accdb, #d83c2c, #243454"
Pic (127).jpg,"#a3bcd0, #40281e, #765844, #746a68, #9d8976, #2998ad, #60a1ae"
Pic (113).jpg,"#404239, #bb9c9f, #89706d, #8a92ba, #9bb2d9, #64687a, #6d8174"
Pic (152).jpg,"#81664c, #272517, #dbd5cf, #d2b095, #b3a091, #bbb0ba, #562414"
Pic (231).jpg,"#685b4a, #ccb5ae, #1e241b, #918b87, #a2a8b8, #3c221d, #9fae96"
Pic (25).jpg,"#a1a4a8, #1f2610, #576a36, #926f58, #6c9337, #5e4a3a, #3a4653"
Pic (36).jpg,"#150c06, #96501d, #efc299, #de9b64, #4f1f08, #c78a56, #e2ab84"
Pic (163).jpg,"#746156, #1f1d1b, #bfbcbc, #b19485, #3e2a1f, #392c2c, #9ea49a"
Pic (136).jpg,"#415a4b, #dbd6de, #11141a, #8a8a7b, #8d99ba, #678684, #9ab9b8"
Pic (173).jpg,"#333729, #c3adae, #8b7db1, #8b7869, #5a6886, #617555, #93a085"
Pic (99).jpg,"#e0e3ea, #242326, #878997, #765f68, #ab9da5, #a17f60, #647ca4"
Pic (281).jpg,"#2d261d, #786751, #ab9681, #5f594b, #778493, #8e846b, #454a55"
Pic (97).jpg,"#d5d8dd, #352e25, #635447, #7c899c, #786b5b, #998d82, #29b4cd"
Pic (183).jpg,"#c5a289, #25262a, #8b3b1b, #7e6a5d, #cfd2db, #694a45, #ecd4bc"
Pic (326).jpg,"#212624, #c29172, #786152, #4e6261, #89a09d, #b42a26, #748c94"
Pic (305).jpg,"#231e1e, #b98c4e, #8c2e22, #665d56, #ccb6bc, #ba9991, #decd95"
Pic (147).jpg,"#3a382a, #cd8e76, #92795e, #6b8153, #9896aa, #99a87e, #635d6f"
Pic (148).jpg,"#bec7d6, #2e3032, #5b6674, #876d3f, #6c3a34, #917a75, #a79383"
Pic (215).jpg,"#666260, #c6bcaa, #191817, #a4acb0, #a5ada1, #3f1c11, #5f3417"
Pic (221).jpg,"#291f15, #bd6b49, #734c3a, #809aab, #4f6449, #50a675, #464d5a"
Pic (108).jpg,"#21201c, #aeb1b3, #6c6a60, #87969d, #4f7ba4, #4f605c, #945c4c"
Pic (146).jpg,"#bebcbd, #2b2f30, #838181, #8495ac, #9ab5c9, #526075, #64797f"
Pic (2).jpg,"#22201c, #afa9a7, #6c6661, #8a8d8c, #525551, #84838c, #4a4b55"
Pic (35).jpg,"#cd87c3, #322c25, #8c7273, #9974a1, #62794d, #9aa793, #674e69"
Pic (139).jpg,"#414040, #daeef5, #9fc2d0, #8ca1b5, #958f8c, #608a83, #687383"
Pic (140).jpg,"#3e3d3d, #dff0f1, #9dc3cc, #8aa1b6, #95908c, #638b8b, #697482"
Pic (250).jpg,"#4c423e, #e1e4ed, #adc3da, #9f867c, #9590b8, #4c5d8b, #868784"
Pic (278).jpg,"#c1c7d6, #23242c, #5d2b2c, #948172, #665139, #605f61, #80645e"
Pic (52).jpg,"#281c1b, #cfc4bb, #633a24, #916d31, #74716d, #9d7b67, #ba9673"
Pic (71).jpg,"#bdb5b1, #261d21, #623e2d, #896b34, #717173, #907566, #ae8e6d"
Pic (167).jpg,"#2d3828, #6e805d, #9eb086, #9c846e, #7a89ad, #5d616e, #6e5f48"
Pic (200).jpg,"#73812d, #24201a, #d8d4b8, #8a98ae, #7f7f7c, #abc763, #2d4a26"
Pic (207).jpg,"#be7a34, #301e14, #ebc77e, #6b4c30, #6b2b15, #c89977, #c7a699"
Pic (179).jpg,"#594b41, #7694bf, #a7b6c5, #838484, #161d22, #a28b7b, #6a6f7a"
Pic (79).jpg,"#3d3b39, #cfccc8, #9c9591, #a6b9b5, #788380, #a0a7b9, #6e7080"
Pic (212).jpg,"#706f6f, #cfcac5, #1e2326, #aeb7b5, #a0a7b7, #362a29, #3d3929"
